[["NAME","B01001_001E","state","place"],
["Cincinnati city, Ohio","303954","39","15000"],
["Ogden city, Utah","87764","49","55980"],
["West Valley City city, Utah","135255","49","83470"],
["Denton city, Texas","141522","48","19972"],
["Midland city, Texas","146042","48","48072"],
["Spokane city, Washington","222082","53","67000"],
["Spokane Valley city, Washington","101075","53","67167"],
["Youngstown city, Ohio","65479","39","88000"],
["Bellingham city, Washington","92327","53","05280"],
["South Hill CDP, Washington","66020","53","65922"],
["Sammamish city, Washington","65880","53","61115"],
["Frisco city, Texas","200513","48","27684"],
["Wichita Falls city, Texas","104677","48","79000"],
["Longview city, Texas","82461","48","43888"],
["Vancouver city, Washington","184452","53","74060"],
["Waukesha city, Wisconsin","72308","55","84250"],
["South Jordan city, Utah","76607","49","70850"],
["Canton city, Ohio","70445","39","12000"],
["Appleton city, Wisconsin","75382","55","02375"],
["San Antonio city, Texas","1547250","48","65000"],
["Garland city, Texas","239539","48","29000"],
["Richardson city, Texas","121331","48","61796"],
["Harlingen city, Texas","65033","48","32372"],
["Dale City CDP, Virginia","73918","51","21088"],
["Norfolk city, Virginia","242742","51","57000"],
["Leander city, Texas","68583","48","42016"],
["Bryan city, Texas","86268","48","10912"],
["Temple city, Texas","78437","48","72176"],
["Salt Lake City city, Utah","200546","49","67000"],
["Seattle city, Washington","753655","53","63000"],
["Pharr city, Texas","79115","48","57200"],
["McAllen city, Texas","143258","48","45384"],
["Kent city, Washington","132320","53","35415"],
["Laredo city, Texas","264069","48","41464"],
["Fort Worth city, Texas","913656","48","27000"],
["Mansfield city, Texas","74841","48","46452"],
["Brownsville city, Texas","182781","48","10768"],
["Flower Mound town, Texas","83205","48","26232"],
["Auburn city, Washington","82021","53","03180"],
["Marysville city, Washington","70306","53","43955"],
["Yakima city, Washington","93638","53","80010"],
["North Richland Hills city, Texas","70655","48","52356"],
["Atascocita CDP, Texas","82572","48","04462"],
["Hampton city, Virginia","134510","51","35000"],
["Arlington CDP, Virginia","236842","51","03000"],
["Newport News city, Virginia","179225","51","56000"],
["Lynchburg city, Virginia","82168","51","47672"],
["Akron city, Ohio","197597","39","01000"],
["Norman city, Oklahoma","124867","40","52500"],
["Kirkland city, Washington","93027","53","35940"],
["Oklahoma City city, Oklahoma","655158","40","55000"],
["Conroe city, Texas","91081","48","16432"],
["Baytown city, Texas","76895","48","06128"],
["Tacoma city, Washington","217834","53","70000"],
["Kennewick city, Washington","84354","53","35275"],
["Dayton city, Ohio","140402","39","21000"],
["Columbus city, Ohio","902073","39","18000"],
["Lehi city, Utah","69742","49","44320"],
["Orem city, Utah","97839","49","57300"],
["Provo city, Utah","116616","49","62470"],
["Parma city, Ohio","78093","39","61000"],
["Georgetown city, Texas","79609","48","29336"],
["Odessa city, Texas","123163","48","53388"],
["Lorain city, Ohio","63866","39","44856"],
["Broken Arrow city, Oklahoma","110715","40","09050"],
["Corpus Christi city, Texas","326590","48","17000"],
["Victoria city, Texas","66920","48","75428"],
["Pasadena city, Texas","151230","48","56000"],
["Pearland city, Texas","131448","48","56348"],
["Richmond city, Virginia","230436","51","67000"],
["Redmond city, Washington","71941","53","57535"],
["Pasco city, Washington","74846","53","53545"],
["Renton city, Washington","101747","53","57745"],
["Federal Way city, Washington","96297","53","23515"],
["Toledo city, Ohio","272778","39","77000"],
["St. George city, Utah","89586","49","65330"],
["Bellevue city, Washington","148145","53","05210"],
["Beaumont city, Texas","116822","48","07000"],
["Waco city, Texas","139245","48","76000"],
["Rowlett city, Texas","66805","48","63572"],
["Abilene city, Texas","123201","48","01000"],
["El Paso city, Texas","681729","48","24000"],
["Lawton city, Oklahoma","93026","40","41850"],
["Mesquite city, Texas","140795","48","47892"],
["Grand Prairie city, Texas","194522","48","30464"],
["Lewisville city, Texas","108562","48","42508"],
["Layton city, Utah","78008","49","43660"],
["West Jordan city, Utah","116482","49","82950"],
["Sandy city, Utah","96385","49","67440"],
["The Woodlands CDP, Texas","117270","48","72656"],
["Centreville CDP, Virginia","66457","51","14440"],
["Alexandria city, Virginia","159428","51","01000"],
["League City city, Texas","106730","48","41980"],
["Killeen city, Texas","151685","48","39148"],
["Irving city, Texas","239779","48","37000"],
["Missouri City city, Texas","75543","48","48804"],
["Portsmouth city, Virginia","94398","51","64000"],
["Plano city, Texas","285849","48","58016"],
["Lubbock city, Texas","258870","48","45000"],
["Allen city, Texas","105630","48","01924"],
["Houston city, Texas","2316797","48","35000"],
["Nashville-Davidson metropolitan government (balance), Tennessee","668580","47","52006"],
["Sugar Land city, Texas","118500","48","70808"],
["Greenville city, South Carolina","70633","45","30850"],
["Mount Pleasant town, South Carolina","91668","45","48535"],
["Suffolk city, Virginia","92108","51","76432"],
["Roanoke city, Virginia","99143","51","68000"],
["Edmond city, Oklahoma","94058","40","23200"],
["Virginia Beach city, Virginia","449974","51","82000"],
["Arlington city, Texas","398860","48","04000"],
["McKinney city, Texas","199174","48","45744"],
["Edinburg city, Texas","101168","48","22660"],
["Rock Hill city, South Carolina","75041","45","61405"],
["North Charleston city, South Carolina","122400","45","50875"],
["Chesapeake city, Virginia","244835","51","16000"],
["Pflugerville city, Texas","65124","48","57176"],
["Tulsa city, Oklahoma","401760","40","75000"],
["San Angelo city, Texas","98193","48","64472"],
["Austin city, Texas","979263","48","05000"],
["Everett city, Washington","111489","53","22640"],
["Amarillo city, Texas","197365","48","03000"],
["New Braunfels city, Texas","90710","48","50820"],
["Carrollton city, Texas","139272","48","13024"],
["Dallas city, Texas","1343565","48","19000"],
["Round Rock city, Texas","133435","48","63500"],
["Tyler city, Texas","106991","48","74144"],
["Cedar Park city, Texas","77419","48","13552"],
["Columbia city, South Carolina","131323","45","16000"],
["College Station city, Texas","117911","48","15976"],
["Mission city, Texas","84336","48","48768"],
["Salem city, Oregon","174377","41","64900"],
["Eugene city, Oregon","172614","41","23850"],
["Bethlehem city, Pennsylvania","76044","42","06088"],
["Franklin city, Tennessee","83096","47","27740"],
["Johnson City city, Tennessee","67859","47","38320"],
["Allentown city, Pennsylvania","121441","42","02000"],
["Medford city, Oregon","83084","41","47000"],
["Sioux Falls city, South Dakota","183799","46","59020"],
["Beaverton city, Oregon","99040","41","05350"],
["Pittsburgh city, Pennsylvania","300281","42","61000"],
["Erie city, Pennsylvania","95537","42","24000"],
["Bend city, Oregon","100430","41","05800"],
["Memphis city, Tennessee","651088","47","48000"],
["Philadelphia city, Pennsylvania","1584064","42","60000"],
["Murfreesboro city, Tennessee","146912","47","51560"],
["Clarksville city, Tennessee","158152","47","15160"],
["Chattanooga city, Tennessee","182803","47","14000"],
["Portland city, Oregon","653467","41","59000"],
["Cranston city, Rhode Island","81459","44","19180"],
["Scranton city, Pennsylvania","76651","42","69000"],
["Rapid City city, South Dakota","77496","46","52980"],
["Jackson city, Tennessee","67187","47","37640"],
["Hillsboro city, Oregon","109120","41","34100"],
["Gresham city, Oregon","109379","41","31250"],
["Knoxville city, Tennessee","187610","47","40000"],
["Warwick city, Rhode Island","81006","44","74300"],
["Providence city, Rhode Island","179875","44","59000"],
["Pawtucket city, Rhode Island","72108","44","54640"],
["Reading city, Pennsylvania","88373","42","63624"],
["Charleston city, South Carolina","143151","45","13330"],
["Fargo city, North Dakota","123736","38","25700"],
["Independence city, Missouri","116673","29","35000"],
["Trenton city, New Jersey","83211","34","74000"],
["Yonkers city, New York","200362","36","84000"],
["Clifton city, New Jersey","85053","34","13690"],
["Passaic city, New Jersey","69694","34","56550"],
["Gastonia city, North Carolina","77277","37","25580"],
["Asheville city, North Carolina","92859","37","02140"],
["East Orange city, New Jersey","64357","34","19390"],
["St. Louis city, Missouri","300576","29","65000"],
["Toms River CDP, New Jersey","91785","34","73110"],
["High Point city, North Carolina","111756","37","31400"],
["Cleveland city, Ohio","380989","39","16000"],
["Santa Fe city, New Mexico","84700","35","70500"],
["Albany city, New York","96460","36","01000"],
["New York city, New York","8336817","36","51000"],
["Lee's Summit city, Missouri","99290","29","41348"],
["Omaha city, Nebraska","478203","31","37000"],
["Rochester city, New York","205704","36","63000"],
["Greenville city, North Carolina","93391","37","28080"],
["Raleigh city, North Carolina","474708","37","55000"],
["Concord city, North Carolina","96342","37","14100"],
["Las Vegas city, Nevada","651297","32","40000"],
["Sparks city, Nevada","105011","32","68400"],
["Paradise CDP, Nevada","237899","32","54600"],
["Sunrise Manor CDP, Nevada","192968","32","71400"],
["Reno city, Nevada","255624","32","60600"],
["Albuquerque city, New Mexico","560504","35","02000"],
["Syracuse city, New York","142310","36","73000"],
["Schenectady city, New York","65272","36","65508"],
["Columbia city, Missouri","123204","29","15670"],
["Springfield city, Missouri","167864","29","70000"],
["North Las Vegas city, Nevada","251984","32","51800"],
["Enterprise CDP, Nevada","191871","32","23770"],
["Spring Valley CDP, Nevada","222372","32","68585"],
["Kansas City city, Missouri","495278","29","38000"],
["St. Charles city, Missouri","71009","29","64082"],
["Missoula city, Montana","75527","30","50200"],
["Henderson city, Nevada","320190","32","31900"],
["Wilmington city, North Carolina","123728","37","74440"],
["Manchester city, New Hampshire","112658","33","45140"],
["Las Cruces city, New Mexico","103436","35","39380"],
["Rio Rancho city, New Mexico","99159","35","63460"],
["Brentwood CDP, New York","61930","36","08026"],
["Buffalo city, New York","255300","36","11000"],
["New Rochelle city, New York","78568","36","50617"],
["Cheektowaga CDP, New York","74058","36","15000"],
["Mount Vernon city, New York","67330","36","49121"],
["Billings city, Montana","109577","30","06550"],
["Nashua city, New Hampshire","89356","33","50260"],
["Greensboro city, North Carolina","296725","37","28000"],
["Union City city, New Jersey","67977","34","74630"],
["Fayetteville city, North Carolina","211674","37","22920"],
["Jacksonville city, North Carolina","72438","37","34200"],
["Charlotte city, North Carolina","885707","37","12000"],
["Lincoln city, Nebraska","289096","31","28000"],
["Paterson city, New Jersey","145227","34","57000"],
["Elizabeth city, New Jersey","129215","34","21000"],
["Winston-Salem city, North Carolina","247951","37","75000"],
["O'Fallon city, Missouri","88659","29","54074"],
["Camden city, New Jersey","73560","34","10000"],
["Newark city, New Jersey","281999","34","51000"],
["Bayonne city, New Jersey","64903","34","03580"],
["Jersey City city, New Jersey","262075","34","36000"],
["Cary town, North Carolina","171143","37","10740"],
["Durham city, North Carolina","279447","37","19000"],
["St. Joseph city, Missouri","75053","29","64550"],
["Bismarck city, North Dakota","74632","38","07200"],
["Oshkosh city, Wisconsin","67010","55","60500"],
["Bayamón zona urbana, Puerto Rico","152843","72","06593"],
["Caguas zona urbana, Puerto Rico","69960","72","10334"],
["Racine city, Wisconsin","76747","55","66000"],
["Ponce zona urbana, Puerto Rico","106546","72","63820"],
["Carolina zona urbana, Puerto Rico","133757","72","14290"],
["San Juan zona urbana, Puerto Rico","310323","72","76770"],
["Eau Claire city, Wisconsin","68936","55","22300"],
["Green Bay city, Wisconsin","104565","55","31000"],
["Milwaukee city, Wisconsin","590157","55","53000"],
["Kenosha city, Wisconsin","99933","55","39225"],
["Madison city, Wisconsin","259673","55","48000"],
["Guaynabo zona urbana, Puerto Rico","62550","72","32522"],
["Union City city, California","74099","06","81204"],
["Davis city, California","69420","06","18100"],
["Tustin city, California","79346","06","80854"],
["Richmond city, California","110575","06","60620"],
["Greeley city, Colorado","108650","08","32155"],
["Thornton city, Colorado","141454","08","77290"],
["Riverside city, California","331369","06","62000"],
["Temecula city, California","114751","06","78120"],
["Mission Viejo city, California","94375","06","48256"],
["Lodi city, California","67581","06","42202"],
["Newport Beach city, California","84522","06","51182"],
["San Clemente city, California","64562","06","65084"],
["Berkeley city, California","121353","06","06000"],
["Fremont city, California","241117","06","26000"],
["Bellflower city, California","76445","06","04982"],
["Arden-Arcade CDP, California","108227","06","02553"],
["Citrus Heights city, California","87792","06","13588"],
["Jurupa Valley city, California","109525","06","37692"],
["Carlsbad city, California","115386","06","11194"],
["Yuma city, Arizona","98296","04","85540"],
["Little Rock city, Arkansas","197318","05","41000"],
["Mobile city, Alabama","188710","01","50000"],
["Tuscaloosa city, Alabama","101133","01","77256"],
["Florence-Graham CDP, California","70149","06","24477"],
["Hawthorne city, California","86062","06","32548"],
["Rocklin city, California","68815","06","62364"],
["Casas Adobes CDP, Arizona","70840","04","10670"],
["Chula Vista city, California","274485","06","13392"],
["Vacaville city, California","100669","06","81554"],
["Chino Hills city, California","83843","06","13214"],
["Fontana city, California","214557","06","24680"],
["Rancho Cucamonga city, California","177614","06","59451"],
["Upland city, California","77123","06","81344"],
["Antioch city, California","111506","06","02252"],
["Visalia city, California","134608","06","82954"],
["Hayward city, California","159202","06","33000"],
["Livermore city, California","90188","06","41992"],
["Baldwin Park city, California","75240","06","03666"],
["Inglewood city, California","108170","06","36546"],
["Elk Grove city, California","174791","06","22020"],
["Mountain View city, California","82726","06","49670"],
["Lake Forest city, California","85529","06","39496"],
["Santa Ana city, California","332332","06","69000"],
["Whittier city, California","85087","06","85292"],
["Stockton city, California","312682","06","75000"],
["Montgomery city, Alabama","198525","01","51000"],
["Lakewood city, Colorado","157917","08","43000"],
["Denver city, Colorado","727211","08","20000"],
["Pleasanton city, California","81794","06","57792"],
["Oakland city, California","433044","06","53000"],
["Burbank city, California","102508","06","08954"],
["East Los Angeles CDP, California","119890","06","20802"],
["Scottsdale city, Arizona","258064","04","65000"],
["Avondale city, Arizona","87917","04","04720"],
["Tempe city, Arizona","195816","04","73000"],
["Buckeye city, Arizona","79624","04","07940"],
["Tulare city, California","65508","06","80644"],
["Lakewood city, California","79302","06","39892"],
["Hesperia city, California","95753","06","33434"],
["Lancaster city, California","157604","06","40130"],
["Long Beach city, California","462645","06","43000"],
["Pasadena city, California","141040","06","56000"],
["Pomona city, California","151696","06","58072"],
["Napa city, California","78130","06","50258"],
["Escondido city, California","151619","06","22804"],
["Menifee city, California","94738","06","46842"],
["Costa Mesa city, California","113011","06","16532"],
["Orange city, California","138661","06","53980"],
["El Monte city, California","115477","06","22230"],
["Vallejo city, California","121692","06","81666"],
["Milpitas city, California","84184","06","47766"],
["Madera city, California","65859","06","45022"],
["Merced city, California","83668","06","46898"],
["Tracy city, California","94751","06","80238"],
["San Tan Valley CDP, Arizona","100732","04","64210"],
["Birmingham city, Alabama","210080","01","07000"],
["Hoover city, Alabama","85772","01","35896"],
["Surprise city, Arizona","141674","04","71510"],
["Fort Smith city, Arkansas","87895","05","24550"],
["Castle Rock town, Colorado","68494","08","12415"],
["Broomfield city, Colorado","70465","08","09280"],
["Jonesboro city, Arkansas","78380","05","35710"],
["Ontario city, California","184999","06","53896"],
["Hemet city, California","85341","06","33182"],
["Perris city, California","79294","06","56700"],
["Longmont city, Colorado","96672","08","45970"],
["Peoria city, Arizona","175960","04","54050"],
["Chandler city, Arizona","261149","04","12000"],
["Glendale city, Arizona","252384","04","27820"],
["Mesa city, Arizona","517981","04","46000"],
["Flagstaff city, Arizona","75044","04","23620"],
["Phoenix city, Arizona","1680988","04","55000"],
["Gilbert town, Arizona","254115","04","27400"],
["Apple Valley town, California","73464","06","02364"],
["San Buenaventura (Ventura) city, California","109108","06","65042"],
["Goodyear city, Arizona","86843","04","28380"],
["El Cajon city, California","102699","06","21712"],
["Victorville city, California","122399","06","82590"],
["Anaheim city, California","350351","06","02000"],
["Fullerton city, California","138638","06","28000"],
["Huntington Beach city, California","199228","06","36000"],
["Rogers city, Arkansas","68674","05","60410"],
["Fayetteville city, Arkansas","87585","05","23290"],
["Springdale city, Arkansas","80454","05","66080"],
["Pittsburg city, California","72569","06","57456"],
["Walnut Creek city, California","70161","06","83346"],
["Daly City city, California","106294","06","17918"],
["Concord city, California","129320","06","16000"],
["San Ramon city, California","75984","06","68378"],
["Redding city, California","92598","06","59920"],
["Dothan city, Alabama","68522","01","21184"],
["Anchorage municipality, Alaska","288000","02","03000"],
["Manteca city, California","83037","06","45484"],
["San Jose city, California","1021786","06","68000"],
["San Francisco city, California","881549","06","67000"],
["Santa Clara city, California","130371","06","69084"],
["Vista city, California","101639","06","82996"],
["Colorado Springs city, Colorado","478215","08","16000"],
["Pueblo city, Colorado","112357","08","62000"],
["Los Angeles city, California","3979537","06","44000"],
["Santa Clarita city, California","212975","06","69088"],
["Rancho Cordova city, California","75086","06","59444"],
["Yuba City city, California","67009","06","86972"],
["Sunnyvale city, California","152710","06","77000"],
["San Diego city, California","1423852","06","66000"],
["Salinas city, California","155473","06","64224"],
["Fairfield city, California","117136","06","23182"],
["Bossier City city, Louisiana","68147","22","08920"],
["Ames city, Iowa","66258","19","01855"],
["Waterloo city, Iowa","67326","19","82425"],
["Alpharetta city, Georgia","67208","13","01696"],
["Roswell city, Georgia","94747","13","67284"],
["Fountainebleau CDP, Florida","68619","12","24562"],
["Alafaya CDP, Florida","96528","12","00410"],
["Port St. Lucie city, Florida","201858","12","58715"],
["Orlando city, Florida","287435","12","53000"],
["Kendall CDP, Florida","80410","12","36100"],
["Miami Beach city, Florida","88885","12","45025"],
["Davie town, Florida","106310","12","16475"],
["Coral Springs city, Florida","133765","12","14400"],
["Palm Coast city, Florida","89797","12","54200"],
["Palm Bay city, Florida","115560","12","54000"],
["Brandon CDP, Florida","116829","12","08150"],
["Schaumburg village, Illinois","72862","17","68003"],
["Westland city, Michigan","81524","26","86000"],
["Ann Arbor city, Michigan","119976","26","03000"],
["Grand Rapids city, Michigan","201004","26","34000"],
["Palo Alto city, California","65365","06","55282"],
["Huntsville city, Alabama","201594","01","37000"],
["Auburn city, Alabama","66254","01","03076"],
["Des Moines city, Iowa","214200","19","21000"],
["Cedar Rapids city, Iowa","133563","19","12000"],
["Glen Burnie CDP, Maryland","74956","24","32650"],
["Fort Wayne city, Indiana","262907","18","25000"],
["Waukegan city, Illinois","86262","17","79293"],
["Poinciana CDP, Florida","72545","12","57900"],
["Warner Robins city, Georgia","77421","13","80508"],
["Hialeah city, Florida","233362","12","30000"],
["Homestead city, Florida","69526","12","32275"],
["Miami city, Florida","467968","12","45000"],
["Daytona Beach city, Florida","69197","12","16525"],
["Springfield city, Illinois","114171","17","72000"],
["Champaign city, Illinois","88919","17","12385"],
["Bloomington city, Minnesota","84935","27","06616"],
["Maple Grove city, Minnesota","72616","27","40166"],
["Sterling Heights city, Michigan","132429","26","76460"],
["Iowa City city, Iowa","75149","19","38595"],
["Lawrence city, Kansas","98196","20","38900"],
["Gaithersburg city, Maryland","67982","24","31175"],
["Indianapolis city (balance), Indiana","870340","18","36003"],
["South Bend city, Indiana","102602","18","71000"],
["Rockford city, Illinois","143707","17","65000"],
["Urban Honolulu CDP, Hawaii","345055","15","71550"],
["Albany city, Georgia","70643","13","01052"],
["Aurora city, Illinois","198827","17","03012"],
["Fort Myers city, Florida","87111","12","24125"],
["The Hammocks CDP, Florida","65765","12","71569"],
["Spring Hill CDP, Florida","113787","12","68350"],
["Eagan city, Minnesota","66376","27","17288"],
["Lakeville city, Minnesota","67326","27","35180"],
["Farmington Hills city, Michigan","80597","26","27440"],
["Torrance city, California","143589","06","80000"],
["Modesto city, California","215196","06","48354"],
["Turlock city, California","73629","06","80812"],
["Rialto city, California","103540","06","60466"],
["Carmichael CDP, California","66800","06","11390"],
["Muncie city, Indiana","67967","18","51876"],
["Silver Spring CDP, Maryland","83247","24","72450"],
["Germantown CDP, Maryland","83707","24","32025"],
["Highlands Ranch CDP, Colorado","99810","08","36410"],
["Wilmington city, Delaware","70164","10","77580"],
["Washington city, District of Columbia","705749","11","50000"],
["Bridgeport city, Connecticut","144365","09","08000"],
["Waterbury city, Connecticut","107577","09","80000"],
["Atlanta city, Georgia","506804","13","04000"],
["Bolingbrook village, Illinois","73304","17","07133"],
["Joliet city, Illinois","148806","17","38570"],
["Doral city, Florida","65746","12","17935"],
["Miami Gardens city, Florida","110003","12","45060"],
["Kalamazoo city, Michigan","76201","26","42160"],
["Woodbury city, Minnesota","72813","27","71428"],
["St. Cloud city, Minnesota","66741","27","56896"],
["Brooklyn Park city, Minnesota","80401","27","07966"],
["Livonia city, Michigan","93664","26","49000"],
["Carson city, California","91407","06","11530"],
["Compton city, California","95601","06","15044"],
["Westminster city, California","90642","06","84550"],
["South San Francisco city, California","67781","06","73262"],
["Oxnard city, California","208875","06","54652"],
["Lake Charles city, Louisiana","78395","22","41155"],
["Columbia CDP, Maryland","104726","24","19125"],
["Baltimore city, Maryland","593490","24","04000"],
["Sandy Springs city, Georgia","109466","13","68516"],
["Augusta-Richmond County consolidated government (balance), Georgia","197325","13","04204"],
["Athens-Clarke County unified government (balance), Georgia","126718","13","03440"],
["Johns Creek city, Georgia","84590","13","42425"],
["Tampa city, Florida","399690","12","71000"],
["Tamarac city, Florida","66712","12","70675"],
["Hollywood city, Florida","154802","12","32000"],
["Plantation city, Florida","94605","12","57425"],
["Cape Coral city, Florida","194504","12","10275"],
["Wesley Chapel CDP, Florida","62516","12","75875"],
["Newton city, Massachusetts","88411","25","45560"],
["Lowell city, Massachusetts","110990","25","37000"],
["Fall River city, Massachusetts","89534","25","23000"],
["Lansing city, Michigan","116677","26","46000"],
["Moreno Valley city, California","213064","06","49270"],
["Quincy city, Massachusetts","94468","25","55745"],
["Cambridge city, Massachusetts","118925","25","11000"],
["Noblesville city, Indiana","63325","18","54180"],
["Shawnee city, Kansas","65810","20","64500"],
["Carmel city, Indiana","101918","18","10342"],
["Hammond city, Indiana","75517","18","31000"],
["Town 'n' Country CDP, Florida","98550","12","72145"],
["Boca Raton city, Florida","99795","12","07300"],
["Lakeland city, Florida","112142","12","38250"],
["Jackson city, Mississippi","160532","28","36000"],
["Rochester Hills city, Michigan","74509","26","69035"],
["St. Paul city, Minnesota","308096","27","58000"],
["San Mateo city, California","104438","06","68252"],
["Bakersfield city, California","384159","06","03526"],
["Corona city, California","169854","06","16350"],
["Roseville city, California","141492","06","62938"],
["Chino city, California","94352","06","13210"],
["San Bernardino city, California","215780","06","65000"],
["Conway city, Arkansas","67640","05","15190"],
["West Des Moines city, Iowa","67696","19","83910"],
["Centennial city, Colorado","110911","08","12815"],
["Arlington Heights village, Illinois","71825","17","02154"],
["Cicero town, Illinois","80801","17","14351"],
["Pine Hills CDP, Florida","94802","12","56825"],
["Jupiter town, Florida","65797","12","35875"],
["Clearwater city, Florida","116938","12","12875"],
["New Bedford city, Massachusetts","95348","25","45000"],
["Lynn city, Massachusetts","94300","25","37490"],
["Worcester city, Massachusetts","185421","25","82000"],
["Rochester city, Minnesota","118924","27","54880"],
["San Marcos city, California","96673","06","68196"],
["Santa Rosa city, California","176761","06","70098"],
["Irvine city, California","287387","06","36770"],
["North Little Rock city, Arkansas","65899","05","50450"],
["Fresno city, California","531581","06","27000"],
["Oceanside city, California","175762","06","53322"],
["Kansas City city, Kansas","152818","20","36000"],
["Fishers city, Indiana","96301","18","23278"],
["Frederick city, Maryland","72237","24","30325"],
["Ellicott City CDP, Maryland","72605","24","26000"],
["Fort Collins city, Colorado","170245","08","27425"],
["Loveland city, Colorado","78871","08","46465"],
["Pembroke Pines city, Florida","173591","12","55775"],
["Pompano Beach city, Florida","112122","12","58050"],
["Gainesville city, Florida","133990","12","25175"],
["Largo city, Florida","84957","12","39425"],
["West Palm Beach city, Florida","111952","12","76600"],
["Lehigh Acres CDP, Florida","134667","12","39925"],
["Chicago city, Illinois","2693959","17","14000"],
["Columbus city, Georgia","195769","13","19000"],
["Dearborn city, Michigan","93927","26","21000"],
["Detroit city, Michigan","670052","26","22000"],
["Alameda city, California","77630","06","00562"],
["Lynwood city, California","69902","06","44574"],
["Redwood City city, California","85926","06","60102"],
["Redlands city, California","71516","06","59962"],
["Camarillo city, California","69887","06","10046"],
["Metairie CDP, Louisiana","130427","22","50115"],
["Sioux City city, Iowa","83288","19","73335"],
["Davenport city, Iowa","101591","19","19000"],
["Sunrise city, Florida","95153","12","69700"],
["Danbury city, Connecticut","84692","09","18430"],
["New Haven city, Connecticut","130257","09","52000"],
["Stamford city, Connecticut","129636","09","73000"],
["St. Petersburg city, Florida","265358","12","63000"],
["Naperville city, Illinois","149640","17","51622"],
["Peoria city, Illinois","109936","17","59000"],
["Decatur city, Illinois","69553","17","18823"],
["Boston city, Massachusetts","694295","25","07000"],
["Somerville city, Massachusetts","81358","25","62535"],
["Springfield city, Massachusetts","153599","25","67000"],
["Framingham city, Massachusetts","74429","25","24960"],
["Thousand Oaks city, California","126815","06","78582"],
["Simi Valley city, California","125594","06","72016"],
["Lake Elsinore city, California","69283","06","39486"],
["Folsom city, California","81324","06","24638"],
["Sacramento city, California","513620","06","64000"],
["Tucson city, Arizona","548082","04","77000"],
["Bloomington city, Indiana","86630","18","05860"],
["Ankeny city, Iowa","67347","19","02305"],
["Topeka city, Kansas","125318","20","71000"],
["Delray Beach city, Florida","69449","12","17100"],
["Savannah city, Georgia","144457","13","69000"],
["Deerfield Beach city, Florida","81070","12","16725"],
["Duluth city, Minnesota","85617","27","17000"],
["Troy city, Michigan","84087","26","80700"],
["Rockville city, Maryland","68085","24","67675"],
["Lexington-Fayette urban county, Kentucky","323152","21","46027"],
["Louisville/Jefferson County metro government (balance), Kentucky","617630","21","48006"],
["Elgin city, Illinois","110889","17","23074"],
["Bloomington city, Illinois","77323","17","06613"],
["Nampa city, Idaho","99276","16","56260"],
["Tallahassee city, Florida","194503","12","70600"],
["Melbourne city, Florida","83030","12","43975"],
["Kissimmee city, Florida","72701","12","36950"],
["Lawrence city, Massachusetts","80038","25","34550"],
["Brockton city, Massachusetts","95705","25","09000"],
["Minneapolis city, Minnesota","429605","27","43000"],
["Buena Park city, California","81783","06","08786"],
["San Leandro city, California","88822","06","68084"],
["Alhambra city, California","83732","06","00884"],
["Portland city, Maine","66218","23","60545"],
["Overland Park city, Kansas","195483","20","53775"],
["Olathe city, Kansas","140557","20","52575"],
["Lafayette city, Indiana","72633","18","40788"],
["Lafayette city, Louisiana","126199","22","40735"],
["Westminster city, Colorado","113179","08","83835"],
["North Port city, Florida","70722","12","49675"],
["Palatine village, Illinois","67436","17","57225"],
["Macon-Bibb County, Georgia","153159","13","49008"],
["South Fulton city, Georgia","99152","13","72122"],
["Wyoming city, Michigan","75660","26","88940"],
["Indio city, California","91756","06","36448"],
["Murrieta city, California","116223","06","50076"],
["Clovis city, California","114582","06","14218"],
["Chico city, California","103315","06","13014"],
["New Orleans city, Louisiana","390144","22","55000"],
["Wichita city, Kansas","389914","20","79000"],
["Weston city, Florida","71164","12","76582"],
["Port Charlotte CDP, Florida","65951","12","58350"],
["Lauderhill city, Florida","71863","12","39550"],
["Miramar city, Florida","141196","12","45975"],
["New Britain city, Connecticut","72491","09","50370"],
["Hartford city, Connecticut","122107","09","37000"],
["Norwalk city, Connecticut","88826","09","55990"],
["Gulfport city, Mississippi","71701","28","29700"],
["Plymouth city, Minnesota","79785","27","51730"],
["Baton Rouge city, Louisiana","220248","22","05000"],
["Fort Lauderdale city, Florida","182434","12","24000"],
["Wellington village, Florida","65389","12","75812"],
["Deltona city, Florida","92752","12","17200"],
["Evanston city, Illinois","73470","17","24582"],
["Skokie village, Illinois","62691","17","70122"],
["Warren city, Michigan","133944","26","84000"],
["Southfield city, Michigan","72700","26","74900"],
["Flint city, Michigan","95541","26","29000"],
["Norwalk city, California","103946","06","52526"],
["Evansville city, Indiana","117557","18","22000"],
["Gary city, Indiana","70778","18","27000"],
["Bowling Green city, Kentucky","70542","21","08902"],
["Waldorf CDP, Maryland","80971","24","81175"],
["Boulder city, Colorado","105670","08","07850"],
["Arvada city, Colorado","121095","08","03455"],
["Riverview CDP, Florida","97034","12","60950"],
["Boynton Beach city, Florida","78690","12","07875"],
["The Villages CDP, Florida",null,"12","71625"],
["Blaine city, Minnesota","65612","27","06382"],
["Santa Cruz city, California","64605","06","69112"],
["Santa Monica city, California","90401","06","70000"],
["South Gate city, California","93433","06","73080"],
["West Covina city, California","105114","06","84200"],
["Garden Grove city, California","171670","06","29000"],
["Laguna Niguel city, California","66384","06","39248"],
["Yorba Linda city, California","67645","06","86832"],
["Santa Maria city, California","107273","06","69196"],
["Santa Barbara city, California","91357","06","69070"],
["Downey city, California","111127","06","19766"],
["Glendale city, California","199301","06","30000"],
["Palmdale city, California","155065","06","55156"],
["Redondo Beach city, California","66757","06","60018"],
["Shreveport city, Louisiana","186815","22","70000"],
["Kenner city, Louisiana","66355","22","39475"],
["Aurora city, Colorado","379312","08","04000"],
["Jacksonville city, Florida","911528","12","35000"],
["Boise City city, Idaho","228965","16","08830"],
["Meridian city, Idaho","114161","16","52120"]]